first_name,last_name,email,phone_number,eircode
Liam,Walker,liam.walker1@example.com,1234567890,D12345
Emma,Hughes,emma.hughes2@example.com,2874563210,A12346
Noah,Turner,noah.turner3@example.com,6874563210,P12347
Olivia,Barnes,olivia.barnes4@example.com,4874563210,W12348
Elijah,Foster,elijah.foster5@example.com,1874863210,C12349
Ava,Wood,ava.wood6@example.com,7864563210,C12350
William,Harrison,william.harrison7@example.com,5874563810,R12351
Sophia,Gibson,sophia.gibson8@example.com,3084563210,D12352
